  <?php version="1.0" encoding="UTF-8"?> 
  <entries>
  <entry rep="/" type="active" url="indexh.html">1.index</entry> 
  <entry rep="/" type="active" url="slideh1.html">2.slideh1</entry> 
    <entry rep="/" type="active" url="refpag1.html">2.1.ref_pag2h</entry> 
  <entry rep="/" type="active" url="slideh2.html">3.slideh2</entry> 
    <entry rep="/" type="active" url="refpag2.html">3.1.ref_pag3h</entry> 
  <entry rep="/" type="active" url="slideh3.html">4.slideh3</entry>
  <entry rep="/" type="active" url="refpag3.html">4.1.ref_pag4h</entry> 
  <entry rep="/" type="active" url="slideh4.html">5.slideh4</entry> 
  <entry rep="/" type="active" url="refpag4.html">5.1.refpag4</entry>
  <entry rep="/" type="active" url="slideh5.html">6.slideh5</entry> 
  <entry rep="/" type="active" url="refpag5.html">6.1.refpag5</entry>
  <entry rep="/" type="active" url="slideh6.html">7.slideh6</entry> 
   <entry rep="/" type="active" url="refpag6.html">7.1.refpag6</entry>
  <entry rep="/" type="active" url="slideh7.html">8.slideh7</entry> 
   <entry rep="/" type="active" url="refpag7.html">8.1.refpag7</entry>
  <entry rep="/" type="active" url="slideh8.html">9.slideh8</entry> 
    <entry rep="/" type="active" url="refpag8.html">9.1.refpag8</entry>
  <entry rep="/" type="active" url="slideh9.html">10.slideh9</entry> 
    <entry rep="/" type="active" url="refpag9.html">9.1.refpag9</entry>
  </entries>